Workbook

Sheet Itens do Contrato
A1: Grupo | B1: Nº Item | C1: Código de Barras | D1: Descrição | E1: Unidade | F1: Qtd. Contratada | G1: Valor Total Contratado (R$) | H1: Preço Unit. (R$) | I1: Saldo Base | J1: Qtd. Baixada (Novas Licitações) | K1: Saldo Disponível (Atual) | L1: Valor Saldo Disponível (R$) | M1: % Executado (total)
A2: 01 - Peças | B2: 1 | C2: 900001 | D2: PARAFUSO SEXTAVADO M8 X 40 | E2: UNIDADE | F2: 100 | G2: =F2*H2 | H2: 1.85 | I2: 100 | J2: =SUMIFS('Baixas (Lançamentos)'!$F$2:$F$500,'Baixas (Lançamentos)'!$A$2:$A$500,C2) | K2: =I2-J2 | L2: =K2*H2 | M2: =IFERROR((F2-K2)/F2,0)
A3: 01 - Peças | B3: 2 | C3: 900002 | D3: PORCA SEXTAVADA M8 | E3: UNIDADE | F3: 100 | G3: =F3*H3 | H3: 0.92 | I3: 100 | J3: =SUMIFS('Baixas (Lançamentos)'!$F$2:$F$500,'Baixas (Lançamentos)'!$A$2:$A$500,C3) | K3: =I3-J3 | L3: =K3*H3 | M3: =IFERROR((F3-K3)/F3,0)
A4: 01 - Peças | B4: 3 | C4: 900003 | D4: ARRUELA LISA M8 | E4: UNIDADE | F4: 200 | G4: =F4*H4 | H4: 0.4 | I4: 200 | J4: =SUMIFS('Baixas (Lançamentos)'!$F$2:$F$500,'Baixas (Lançamentos)'!$A$2:$A$500,C4) | K4: =I4-J4 | L4: =K4*H4 | M4: =IFERROR((F4-K4)/F4,0)
A5: 02 - Ferramentas | B5: 4 | C5: 900004 | D5: CHAVE DE BOCA 15 MM | E5: UNIDADE | F5: 50 | G5: =F5*H5 | H5: 12.3 | I5: 50 | J5: =SUMIFS('Baixas (Lançamentos)'!$F$2:$F$500,'Baixas (Lançamentos)'!$A$2:$A$500,C5) | K5: =I5-J5 | L5: =K5*H5 | M5: =IFERROR((F5-K5)/F5,0)
A6: 02 - Ferramentas | B6: 5 | C6: 900005 | D6: MARTELO DE BORRACHA 500 G | E6: UNIDADE | F6: 30 | G6: =F6*H6 | H6: 9.75 | I6: 30 | J6: =SUMIFS('Baixas (Lançamentos)'!$F$2:$F$500,'Baixas (Lançamentos)'!$A$2:$A$500,C6) | K6: =I6-J6 | L6: =K6*H6 | M6: =IFERROR((F6-K6)/F6,0)
A7: 03 - Lubrificantes | B7: 6 | C7: 900006 | D7: ÓLEO LUBRIFICANTE 20W50 (L) | E7: LITRO | F7: 60 | G7: =F7*H7 | H7: 18.4 | I7: 60 | J7: =SUMIFS('Baixas (Lançamentos)'!$F$2:$F$500,'Baixas (Lançamentos)'!$A$2:$A$500,C7) | K7: =I7-J7 | L7: =K7*H7 | M7: =IFERROR((F7-K7)/F7,0)
A8: 03 - Lubrificantes | B8: 7 | C8: 900007 | D8: GRAXA AUTOMOTIVA (LATÃO 1 KG) | E8: KG | F8: 40 | G8: =F8*H8 | H8: 22.1 | I8: 40 | J8: =SUMIFS('Baixas (Lançamentos)'!$F$2:$F$500,'Baixas (Lançamentos)'!$A$2:$A$500,C8) | K8: =I8-J8 | L8: =K8*H8 | M8: =IFERROR((F8-K8)/F8,0)
A9: 04 - Elétrica | B9: 8 | C9: 900008 | D9: LÂMPADA LED 12V 10W | E9: UNIDADE | F9: 120 | G9: =F9*H9 | H9: 6.5 | I9: 120 | J9: =SUMIFS('Baixas (Lançamentos)'!$F$2:$F$500,'Baixas (Lançamentos)'!$A$2:$A$500,C9) | K9: =I9-J9 | L9: =K9*H9 | M9: =IFERROR((F9-K9)/F9,0)
A10: 04 - Elétrica | B10: 9 | C10: 900009 | D10: FUSÍVEL 20A AUTOMOTIVO | E10: UNIDADE | F10: 80 | G10: =F10*H10 | H10: 1.25 | I10: 80 | J10: =SUMIFS('Baixas (Lançamentos)'!$F$2:$F$500,'Baixas (Lançamentos)'!$A$2:$A$500,C10) | K10: =I10-J10 | L10: =K10*H10 | M10: =IFERROR((F10-K10)/F10,0)
A11: 05 - Hidráulica | B11: 10 | C11: 900010 | D11: MANGUEIRA DE ÁGUA 3/4 | E11: METRO | F11: 90 | G11: =F11*H11 | H11: 7.8 | I11: 90 | J11: =SUMIFS('Baixas (Lançamentos)'!$F$2:$F$500,'Baixas (Lançamentos)'!$A$2:$A$500,C11) | K11: =I11-J11 | L11: =K11*H11 | M11: =IFERROR((F11-K11)/F11,0)
A12: 05 - Hidráulica | B12: 11 | C12: 900011 | D12: CONEXÃO PVC 3/4 | E12: UNIDADE | F12: 150 | G12: =F12*H12 | H12: 3.2 | I12: 150 | J12: =SUMIFS('Baixas (Lançamentos)'!$F$2:$F$500,'Baixas (Lançamentos)'!$A$2:$A$500,C12) | K12: =I12-J12 | L12: =K12*H12 | M12: =IFERROR((F12-K12)/F12,0)
A13: 06 - EPI | B13: 12 | C13: 900012 | D13: LUVA DE PROTEÇÃO NITRÍLICA | E13: PAR | F13: 200 | G13: =F13*H13 | H13: 4.6 | I13: 200 | J13: =SUMIFS('Baixas (Lançamentos)'!$F$2:$F$500,'Baixas (Lançamentos)'!$A$2:$A$500,C13) | K13: =I13-J13 | L13: =K13*H13 | M13: =IFERROR((F13-K13)/F13,0)
... A16: 07 - Pintura | B16: 15 | C16: 900015 | D16: ROLINHO DE PINTURA 23 CM | E16: UNIDADE | F16: 70 | G16: =F16*H16 | H16: 11.35 | I16: 70 | J16: =SUMIFS('Baixas (Lançamentos)'!$F$2:$F$500,'Baixas (Lançamentos)'!$A$2:$A$500,C16) | K16: =I16-J16 | L16: =K16*H16 | M16: =IFERROR((F16-K16)/F16,0)

Sheet Baixas (Lançamentos)
A1: Código de Barras | B1: Grupo (auto) | C1: Nº Item (auto) | D1: Descrição (auto) | E1: Data da Baixa | F1: Qtd. Baixada | G1: Nº Pedido / NF / OF | H1: Observação
A2: 900001 | B2: =IFERROR(INDEX('Itens do Contrato'!A$2:A$16,MATCH(A2,'Itens do Contrato'!$C$2:$C$16,0)),"") | C2: =IFERROR(INDEX('Itens do Contrato'!B$2:B$16,MATCH(A2,'Itens do Contrato'!$C$2:$C$16,0)),"") | D2: =IFERROR(INDEX('Itens do Contrato'!D$2:D$16,MATCH(A2,'Itens do Contrato'!$C$2:$C$16,0)),"") | E2: 18/08/2026 | F2: 10 | G2: OF-0001_EXEMPLO
A3: 900006 | B3: =IFERROR(INDEX('Itens do Contrato'!A$2:A$16,MATCH(A3,'Itens do Contrato'!$C$2:$C$16,0)),"") | C3: =IFERROR(INDEX('Itens do Contrato'!B$2:B$16,MATCH(A3,'Itens do Contrato'!$C$2:$C$16,0)),"") | D3: =IFERROR(INDEX('Itens do Contrato'!D$2:D$16,MATCH(A3,'Itens do Contrato'!$C$2:$C$16,0)),"") | E3: 18/08/2026 | F3: 5 | G3: OF-0001_EXEMPLO

Sheet Resumo
A11: RELATÓRIO DO CONTRATO Nº 000000 (EXEMPLO FICTÍCIO)
A12: EMPRESA EXEMPLO LTDA — CNPJ 00.000.000/0000-00
A14: Vigência | B14: 01/01/2026 a 01/01/2027
A15: Situação do contrato nesta planilha: dados fictícios para demonstração do sistema.
A17: INDICADOR | B17: VALOR
A18: Valor total do contrato (R$) | B18: =SUM('Itens do Contrato'!G2:G16)
A19: Valor já consumido antes desta planilha (R$) | B19: 0
A20: Valor baixado em novas licitações (R$) | B20: =SUMPRODUCT('Itens do Contrato'!J2:J16,'Itens do Contrato'!H2:H16)
A21: Saldo disponível atual (R$) | B21: =SUM('Itens do Contrato'!L2:L16)
A22: % do contrato já executado | B22: =(B19+B20)/B18
A23: Quantidade de itens controlados | B23: =COUNTA('Itens do Contrato'!D2:D16)
A25: COMO USAR ESTA PLANILHA
A26: 1. Os dados desta planilha são 100% fictícios e servem apenas para demonstração do sistema de baixa de OFs.
A27: 2. Cada item tem um Código de Barras, Descrição, Qtd. Contratada e Preço Unitário (R$).
A28: 3. Sempre que uma OF/Nota Fiscal for recebida, registre os lançamentos na aba 'Baixas (Lançamentos)'.
A29: 4. As colunas 'Grupo (auto)', 'Nº Item (auto)' e 'Descrição (auto)' preenchem sozinhas pelo Código de Barras.
A30: 5. A coluna 'Saldo Disponível (Atual)' calcula automaticamente o que ainda resta de cada item.
A31: 6. A coluna '% Executado' mostra o percentual já consumido de cada item.
